timestamp,message
1740134423008,"Collecting opencv-python-headless
  Downloading opencv_python_headless-4.11.0.86-cp37-abi3-manylinux_2_17_x86_64.manylinux2014_x86_64.whl.metadata (20 kB)"
1740134423008,Requirement already satisfied: numpy>=1.21.2 in /opt/conda/lib/python3.10/site-packages (from opencv-python-headless) (1.26.2)
1740134423008,"Downloading opencv_python_headless-4.11.0.86-cp37-abi3-manylinux_2_17_x86_64.manylinux2014_x86_64.whl (50.0 MB)
   ━━━━━━━━━━━━━━━━━━━━━━━━━━━━━━━━━━━━━━━━ 50.0/50.0 MB 370.8 MB/s eta 0:00:00"
1740134424008,Installing collected packages: opencv-python-headless
1740134425009,Successfully installed opencv-python-headless-4.11.0.86
1740134425009,WARNING: Running pip as the 'root' user can result in broken permissions and conflicting behaviour with the system package manager. It is recommended to use a virtual environment instead: https://pip.pypa.io/warnings/venv
1740134425009,[notice] A new release of pip is available: 23.3.1 -> 25.0.1
1740134425009,"[notice] To update, run: pip install --upgrade pip"
1740134425009,"Collecting ultralytics
  Downloading ultralytics-8.3.78-py3-none-any.whl.metadata (35 kB)"
1740134425009,"Requirement already satisfied: numpy<=2.1.1,>=1.23.0 in /opt/conda/lib/python3.10/site-packages (from ultralytics) (1.26.2)"
1740134425009,Requirement already satisfied: matplotlib>=3.3.0 in /opt/conda/lib/python3.10/site-packages (from ultralytics) (3.8.0)
1740134425009,Requirement already satisfied: opencv-python>=4.6.0 in /opt/conda/lib/python3.10/site-packages (from ultralytics) (4.8.1.78)
1740134425009,Requirement already satisfied: pillow>=7.1.2 in /opt/conda/lib/python3.10/site-packages (from ultralytics) (10.2.0)
1740134425009,Requirement already satisfied: pyyaml>=5.3.1 in /opt/conda/lib/python3.10/site-packages (from ultralytics) (6.0.1)
1740134425009,Requirement already satisfied: requests>=2.23.0 in /opt/conda/lib/python3.10/site-packages (from ultralytics) (2.31.0)
1740134425009,Requirement already satisfied: scipy>=1.4.1 in /opt/conda/lib/python3.10/site-packages (from ultralytics) (1.11.4)
1740134425009,Requirement already satisfied: torch>=1.8.0 in /opt/conda/lib/python3.10/site-packages (from ultralytics) (2.0.1)
1740134425009,Requirement already satisfied: torchvision>=0.9.0 in /opt/conda/lib/python3.10/site-packages (from ultralytics) (0.15.2)
1740134425009,Requirement already satisfied: tqdm>=4.64.0 in /opt/conda/lib/python3.10/site-packages (from ultralytics) (4.65.0)
1740134425009,Requirement already satisfied: psutil in /opt/conda/lib/python3.10/site-packages (from ultralytics) (5.9.5)
1740134425009,Requirement already satisfied: py-cpuinfo in /opt/conda/lib/python3.10/site-packages (from ultralytics) (9.0.0)
1740134425009,Requirement already satisfied: pandas>=1.1.4 in /opt/conda/lib/python3.10/site-packages (from ultralytics) (2.1.3)
1740134425009,Requirement already satisfied: seaborn>=0.11.0 in /opt/conda/lib/python3.10/site-packages (from ultralytics) (0.13.0)
1740134425009,"Collecting ultralytics-thop>=2.0.0 (from ultralytics)
  Downloading ultralytics_thop-2.0.14-py3-none-any.whl.metadata (9.4 kB)"
1740134425009,Requirement already satisfied: contourpy>=1.0.1 in /opt/conda/lib/python3.10/site-packages (from matplotlib>=3.3.0->ultralytics) (1.2.0)
1740134425009,Requirement already satisfied: cycler>=0.10 in /opt/conda/lib/python3.10/site-packages (from matplotlib>=3.3.0->ultralytics) (0.12.1)
1740134425009,Requirement already satisfied: fonttools>=4.22.0 in /opt/conda/lib/python3.10/site-packages (from matplotlib>=3.3.0->ultralytics) (4.45.1)
1740134425009,Requirement already satisfied: kiwisolver>=1.0.1 in /opt/conda/lib/python3.10/site-packages (from matplotlib>=3.3.0->ultralytics) (1.4.5)
1740134425009,Requirement already satisfied: packaging>=20.0 in /opt/conda/lib/python3.10/site-packages (from matplotlib>=3.3.0->ultralytics) (23.2)
1740134425009,Requirement already satisfied: pyparsing>=2.3.1 in /opt/conda/lib/python3.10/site-packages (from matplotlib>=3.3.0->ultralytics) (3.1.1)
1740134425009,Requirement already satisfied: python-dateutil>=2.7 in /opt/conda/lib/python3.10/site-packages (from matplotlib>=3.3.0->ultralytics) (2.8.2)
1740134426010,Requirement already satisfied: pytz>=2020.1 in /opt/conda/lib/python3.10/site-packages (from pandas>=1.1.4->ultralytics) (2023.3.post1)
1740134426010,Requirement already satisfied: tzdata>=2022.1 in /opt/conda/lib/python3.10/site-packages (from pandas>=1.1.4->ultralytics) (2023.3)
1740134426010,"Requirement already satisfied: charset-normalizer<4,>=2 in /opt/conda/lib/python3.10/site-packages (from requests>=2.23.0->ultralytics) (3.1.0)"
1740134426010,"Requirement already satisfied: idna<4,>=2.5 in /opt/conda/lib/python3.10/site-packages (from requests>=2.23.0->ultralytics) (3.4)"
1740134426010,"Requirement already satisfied: urllib3<3,>=1.21.1 in /opt/conda/lib/python3.10/site-packages (from requests>=2.23.0->ultralytics) (1.26.18)"
1740134426010,Requirement already satisfied: certifi>=2017.4.17 in /opt/conda/lib/python3.10/site-packages (from requests>=2.23.0->ultralytics) (2023.11.17)
1740134426010,Requirement already satisfied: filelock in /opt/conda/lib/python3.10/site-packages (from torch>=1.8.0->ultralytics) (3.13.1)
1740134426010,Requirement already satisfied: typing-extensions in /opt/conda/lib/python3.10/site-packages (from torch>=1.8.0->ultralytics) (4.8.0)
1740134426010,Requirement already satisfied: sympy in /opt/conda/lib/python3.10/site-packages (from torch>=1.8.0->ultralytics) (1.12)
1740134426010,Requirement already satisfied: networkx in /opt/conda/lib/python3.10/site-packages (from torch>=1.8.0->ultralytics) (3.2.1)
1740134426010,Requirement already satisfied: jinja2 in /opt/conda/lib/python3.10/site-packages (from torch>=1.8.0->ultralytics) (3.1.3)
1740134426010,Requirement already satisfied: six>=1.5 in /opt/conda/lib/python3.10/site-packages (from python-dateutil>=2.7->matplotlib>=3.3.0->ultralytics) (1.16.0)
1740134426010,Requirement already satisfied: MarkupSafe>=2.0 in /opt/conda/lib/python3.10/site-packages (from jinja2->torch>=1.8.0->ultralytics) (2.1.3)
1740134426010,Requirement already satisfied: mpmath>=0.19 in /opt/conda/lib/python3.10/site-packages (from sympy->torch>=1.8.0->ultralytics) (1.3.0)
1740134426010,"Downloading ultralytics-8.3.78-py3-none-any.whl (921 kB)
   ━━━━━━━━━━━━━━━━━━━━━━━━━━━━━━━━━━━━━━━━ 921.5/921.5 kB 84.1 MB/s eta 0:00:00"
1740134426010,Downloading ultralytics_thop-2.0.14-py3-none-any.whl (26 kB)
1740134428011,"Installing collected packages: ultralytics-thop, ultralytics"
1740134428011,Successfully installed ultralytics-8.3.78 ultralytics-thop-2.0.14
1740134428011,WARNING: Running pip as the 'root' user can result in broken permissions and conflicting behaviour with the system package manager. It is recommended to use a virtual environment instead: https://pip.pypa.io/warnings/venv
1740134428011,[notice] A new release of pip is available: 23.3.1 -> 25.0.1
1740134428011,"[notice] To update, run: pip install --upgrade pip"
1740134428011,Requirement already satisfied: ultralytics in /opt/conda/lib/python3.10/site-packages (8.3.78)
1740134428011,"Requirement already satisfied: numpy<=2.1.1,>=1.23.0 in /opt/conda/lib/python3.10/site-packages (from ultralytics) (1.26.2)"
1740134428011,Requirement already satisfied: matplotlib>=3.3.0 in /opt/conda/lib/python3.10/site-packages (from ultralytics) (3.8.0)
1740134428011,Requirement already satisfied: opencv-python>=4.6.0 in /opt/conda/lib/python3.10/site-packages (from ultralytics) (4.8.1.78)
1740134428011,Requirement already satisfied: pillow>=7.1.2 in /opt/conda/lib/python3.10/site-packages (from ultralytics) (10.2.0)
1740134428011,Requirement already satisfied: pyyaml>=5.3.1 in /opt/conda/lib/python3.10/site-packages (from ultralytics) (6.0.1)
1740134428011,Requirement already satisfied: requests>=2.23.0 in /opt/conda/lib/python3.10/site-packages (from ultralytics) (2.31.0)
1740134428011,Requirement already satisfied: scipy>=1.4.1 in /opt/conda/lib/python3.10/site-packages (from ultralytics) (1.11.4)
1740134428011,Requirement already satisfied: torch>=1.8.0 in /opt/conda/lib/python3.10/site-packages (from ultralytics) (2.0.1)
1740134428011,Requirement already satisfied: torchvision>=0.9.0 in /opt/conda/lib/python3.10/site-packages (from ultralytics) (0.15.2)
1740134428011,Requirement already satisfied: tqdm>=4.64.0 in /opt/conda/lib/python3.10/site-packages (from ultralytics) (4.65.0)
1740134428011,Requirement already satisfied: psutil in /opt/conda/lib/python3.10/site-packages (from ultralytics) (5.9.5)
1740134428011,Requirement already satisfied: py-cpuinfo in /opt/conda/lib/python3.10/site-packages (from ultralytics) (9.0.0)
1740134428011,Requirement already satisfied: pandas>=1.1.4 in /opt/conda/lib/python3.10/site-packages (from ultralytics) (2.1.3)
1740134428011,Requirement already satisfied: seaborn>=0.11.0 in /opt/conda/lib/python3.10/site-packages (from ultralytics) (0.13.0)
1740134428011,Requirement already satisfied: ultralytics-thop>=2.0.0 in /opt/conda/lib/python3.10/site-packages (from ultralytics) (2.0.14)
1740134429011,Requirement already satisfied: contourpy>=1.0.1 in /opt/conda/lib/python3.10/site-packages (from matplotlib>=3.3.0->ultralytics) (1.2.0)
1740134429012,Requirement already satisfied: cycler>=0.10 in /opt/conda/lib/python3.10/site-packages (from matplotlib>=3.3.0->ultralytics) (0.12.1)
1740134429013,Requirement already satisfied: fonttools>=4.22.0 in /opt/conda/lib/python3.10/site-packages (from matplotlib>=3.3.0->ultralytics) (4.45.1)
1740134429013,Requirement already satisfied: kiwisolver>=1.0.1 in /opt/conda/lib/python3.10/site-packages (from matplotlib>=3.3.0->ultralytics) (1.4.5)
1740134429013,Requirement already satisfied: packaging>=20.0 in /opt/conda/lib/python3.10/site-packages (from matplotlib>=3.3.0->ultralytics) (23.2)
1740134429013,Requirement already satisfied: pyparsing>=2.3.1 in /opt/conda/lib/python3.10/site-packages (from matplotlib>=3.3.0->ultralytics) (3.1.1)
1740134429013,Requirement already satisfied: python-dateutil>=2.7 in /opt/conda/lib/python3.10/site-packages (from matplotlib>=3.3.0->ultralytics) (2.8.2)
1740134429013,Requirement already satisfied: pytz>=2020.1 in /opt/conda/lib/python3.10/site-packages (from pandas>=1.1.4->ultralytics) (2023.3.post1)
1740134429013,Requirement already satisfied: tzdata>=2022.1 in /opt/conda/lib/python3.10/site-packages (from pandas>=1.1.4->ultralytics) (2023.3)
1740134429013,"Requirement already satisfied: charset-normalizer<4,>=2 in /opt/conda/lib/python3.10/site-packages (from requests>=2.23.0->ultralytics) (3.1.0)"
1740134429013,"Requirement already satisfied: idna<4,>=2.5 in /opt/conda/lib/python3.10/site-packages (from requests>=2.23.0->ultralytics) (3.4)"
1740134429014,"Requirement already satisfied: urllib3<3,>=1.21.1 in /opt/conda/lib/python3.10/site-packages (from requests>=2.23.0->ultralytics) (1.26.18)"
1740134429014,Requirement already satisfied: certifi>=2017.4.17 in /opt/conda/lib/python3.10/site-packages (from requests>=2.23.0->ultralytics) (2023.11.17)
1740134429014,Requirement already satisfied: filelock in /opt/conda/lib/python3.10/site-packages (from torch>=1.8.0->ultralytics) (3.13.1)
1740134429014,Requirement already satisfied: typing-extensions in /opt/conda/lib/python3.10/site-packages (from torch>=1.8.0->ultralytics) (4.8.0)
1740134429014,Requirement already satisfied: sympy in /opt/conda/lib/python3.10/site-packages (from torch>=1.8.0->ultralytics) (1.12)
1740134429014,Requirement already satisfied: networkx in /opt/conda/lib/python3.10/site-packages (from torch>=1.8.0->ultralytics) (3.2.1)
1740134429014,Requirement already satisfied: jinja2 in /opt/conda/lib/python3.10/site-packages (from torch>=1.8.0->ultralytics) (3.1.3)
1740134429014,Requirement already satisfied: six>=1.5 in /opt/conda/lib/python3.10/site-packages (from python-dateutil>=2.7->matplotlib>=3.3.0->ultralytics) (1.16.0)
1740134429014,Requirement already satisfied: MarkupSafe>=2.0 in /opt/conda/lib/python3.10/site-packages (from jinja2->torch>=1.8.0->ultralytics) (2.1.3)
1740134429014,Requirement already satisfied: mpmath>=0.19 in /opt/conda/lib/python3.10/site-packages (from sympy->torch>=1.8.0->ultralytics) (1.3.0)
1740134431015,WARNING: Running pip as the 'root' user can result in broken permissions and conflicting behaviour with the system package manager. It is recommended to use a virtual environment instead: https://pip.pypa.io/warnings/venv
1740134431015,[notice] A new release of pip is available: 23.3.1 -> 25.0.1
1740134431015,"[notice] To update, run: pip install --upgrade pip"
1740134431015,INFO:matplotlib.font_manager:generated new fontManager
1740134431015,Creating new Ultralytics Settings v0.0.6 file ✅ 
1740134431015,View Ultralytics Settings with 'yolo settings' or at '/root/.config/Ultralytics/settings.json'
1740134431015,"Update Settings with 'yolo settings key=value', i.e. 'yolo settings runs_dir=path/to/dir'. For help see https://docs.ultralytics.com/quickstart/#ultralytics-settings."
1740134431015,INFO:__main__:Successfully loaded model config
1740134431015,INFO:__main__:Loaded config with 12 classes
1740134431015,INFO:__main__:Original model path: /opt/ml/processing/model
1740134447019,INFO:__main__:Prepared model path: /opt/ml/processing/model/extracted/output/train/weights/last.pt
1740134447019,INFO:__main__:Loading model from /opt/ml/processing/model/extracted/output/train/weights/last.pt
1740134447019,INFO:__main__:Model loaded successfully
1740134447019,"INFO:__main__:Creating data.yaml with config: {
  ""path"": ""/opt/ml/processing/input/images"",
  ""train"": ""/opt/ml/processing/input/images/train"",
  ""val"": ""/opt/ml/processing/input/images/test"",
  ""test"": ""test"",
  ""nc"": 12,
  ""names"": {
    ""0"": ""without-seatbelt"",
    ""1"": ""seatbelt"",
    ""2"": ""smoking"",
    ""3"": ""drowsy"",
    ""4"": ""falling_asleep"",
    ""5"": ""wrong_driving_position"",
    ""6"": ""blank_stare"",
    ""7"": ""cell_phone_handheld_observed"",
    ""8"": ""Cell Phone Hands Free Observed"",
    ""9"": ""Electronic Device Observed"",
    ""10"": ""Food/Drink Observed"",
    ""11"": ""Passenger Distraction""
  }"
1740134447019,}
1740134448019,INFO:__main__:Using device: cuda
1740134448019,"Ultralytics 8.3.78 🚀 Python-3.10.8 torch-2.0.1 CUDA:0 (Tesla T4, 15095MiB)"
1740134449020,"Model summary (fused): 112 layers, 43,615,860 parameters, 0 gradients, 164.9 GFLOPs"
1740134449020,Downloading https://ultralytics.com/assets/Arial.ttf to '/root/.config/Ultralytics/Arial.ttf'...
1740134449020,"#015  0%|          | 0.00/755k [00:00<?, ?B/s]#015100%|██████████| 755k/755k [00:00<00:00, 115MB/s]"
1740134449020,"#015#033[34m#033[1mval: #033[0mScanning /opt/ml/processing/input/labels/test...:   0%|          | 0/2 [00:00<?, ?it/s]#015#033[34m#033[1mval: #033[0mScanning /opt/ml/processing/input/labels/test... 2 images, 0 backgrounds, 0 corrupt: 100%|██████████| 2/2 [00:00<00:00, 255.19it/s]"
1740134449020,#033[34m#033[1mval: #033[0mNew cache created: /opt/ml/processing/input/labels/test.cache
1740134451021,"#015                 Class     Images  Instances      Box(P          R      mAP50  mAP50-95):   0%|          | 0/1 [00:00<?, ?it/s]#015                 Class     Images  Instances      Box(P          R      mAP50  mAP50-95): 100%|██████████| 1/1 [00:01<00:00,  1.17s/it]#015                 Class     Images  Instances      Box(P          R      mAP50  mAP50-95): 100%|██████████| 1/1 [00:01<00:00,  1.17s/it]"
1740134452021,"                   all          2          2       0.89          1      0.995      0.895
      without-seatbelt          2          2       0.89          1      0.995      0.895"
1740134454022,"Speed: 0.5ms preprocess, 41.8ms inference, 0.0ms loss, 49.6ms postprocess per image"
1740134454022,Saving runs/detect/val/predictions.json...
1740134454022,Results saved to #033[1mruns/detect/val#033[0m
1740134454022,INFO:__main__:Evaluation completed. Results saved to: /opt/ml/processing/evaluation/evaluation.json
1740134454022,"INFO:__main__:Metrics: {
  ""metrics"": {
    ""mAP50"": 0.995,
    ""mAP50-95"": 0.8952602040816326,
    ""precision"": 0.8904137964080941,
    ""recall"": 1.0
  }"
1740134454022,}